txn_amount,txn_type,time_of_day,account_age_days,is_foreign_txn,merchant_risk_score,daily_txn_count,ip_geo_mismatch,multiple_device_logins,label
3751.66,2,0.99,1206,0,0.83,1,0,0,0
9507.64,1,0.85,1782,1,0.95,17,0,0,2
7322.62,2,0.21,171,0,0.3,10,1,1,0
5990.6,2,0.93,3986,0,0.26,16,1,0,0
1568.63,0,0.12,1761,1,0.28,16,1,0,2
1568.39,0,0.82,785,1,0.28,8,1,0,0
590.26,2,0.38,949,1,0.04,7,1,1,1
8663.1,0,0.88,3230,0,0.93,6,0,0,2
6015.14,1,0.87,549,0,0.21,16,1,1,0
7083.65,1,0.81,4927,0,0.42,16,1,1,1
215.64,0,0.79,1471,1,0.01,7,1,1,1
9699.4,1,0.3,365,0,0.86,9,0,0,0
8326.1,0,0.08,3614,0,0.73,14,1,0,1
2131.27,2,0.4,3333,0,0.95,11,1,1,2
1826.43,2,0.17,244,0,0.78,14,1,1,0
1842.21,1,0.69,1558,0,0.31,7,0,0,1
3049.38,0,0.35,2106,0,0.25,1,0,1,1
5252.32,0,0.98,4223,0,0.7,13,1,1,0
4325.13,1,0.64,2111,1,0.36,3,0,0,0
2919.38,2,0.82,1683,1,0.57,4,1,1,0
6122.41,1,0.13,2110,1,0.01,11,0,0,0
1403.54,2,0.86,3667,0,0.06,2,1,0,2
2928.53,0,0.92,4663,0,0.54,14,0,1,0
3669.95,2,0.49,3606,1,0.57,12,1,0,2
4566.14,1,0.61,3758,0,0.75,17,1,0,2
7853.91,0,0.76,3183,1,0.13,12,0,0,0
2004.74,1,0.17,1825,0,0.51,12,1,1,2
5147.2,1,0.5,3851,0,0.19,1,1,1,0
5928.22,2,0.4,2015,1,0.09,13,1,1,0
474.04,1,0.15,4503,1,0.41,14,1,0,1
6079.37,2,0.37,684,1,0.16,2,0,0,0
1713.54,0,0.07,396,1,0.22,12,1,1,1
659.87,2,0.03,2168,1,0.32,16,0,1,2
9489.37,0,0.14,2671,0,0.26,4,0,0,1
9656.66,2,0.96,2074,0,0.09,8,0,1,2
8085.89,1,0.55,3861,0,0.09,2,0,1,0
3053.09,2,0.97,3263,1,0.19,10,1,1,2
985.74,2,0.43,4989,1,0.05,9,1,1,2
6845.49,0,0.31,4646,1,0.63,15,0,1,0
4407.12,1,0.51,4276,1,0.29,13,1,0,2
1229.16,2,0.44,749,1,0.28,17,0,1,0
4956.82,1,0.11,1411,1,0.33,16,1,1,1
353.54,2,0.64,3269,0,0.66,2,1,0,0
9094.11,2,0.22,2287,0,0.87,14,1,0,0
2595.21,1,0.62,3914,0,0.76,3,0,0,2
6628.6,2,0.65,3933,0,0.73,12,0,0,1
3123.99,1,0.15,4224,0,0.48,8,1,1,0
5205.48,2,0.06,3237,1,0.69,2,0,1,1
5471.64,0,0.78,2841,1,0.55,4,0,1,1
1856.7,1,0.46,3768,1,0.22,14,1,1,2
9696.15,2,0.06,2522,1,0.21,16,0,0,0
7753.58,2,0.99,2161,1,0.3,19,1,0,2
9395.59,0,0.06,3685,1,0.91,2,1,1,0
8949.33,1,0.7,2755,0,0.55,12,1,1,1
5983.02,2,0.98,3876,1,0.73,14,0,1,0
9219.52,0,0.24,3774,1,0.35,6,1,1,0
894.04,2,0.14,2232,1,0.41,13,1,0,1
1967.87,1,0.12,2802,1,0.13,4,0,1,1
461.82,2,0.3,1707,0,0.17,18,0,0,0
3260.05,2,0.1,3472,0,0.83,12,0,0,2
3892.89,2,0.69,4073,1,0.58,19,0,0,0
2720.78,2,0.06,1534,0,0.34,8,1,0,1
8289.09,0,0.51,4770,0,0.8,7,0,1,2
3573.97,0,1.0,42,1,0.25,16,0,1,1
2816.54,1,0.81,4035,1,0.98,19,0,1,1
5431.53,0,0.62,2576,1,0.34,6,0,1,2
1417.83,0,0.31,2813,1,0.34,11,1,0,1
8023.95,1,0.62,3906,1,0.31,5,0,0,1
754.76,0,0.53,3719,0,0.12,16,1,0,1
9869.0,0,0.43,729,1,0.11,7,0,1,1
7724.73,1,0.13,4589,1,0.65,5,1,0,1
1995.17,1,0.89,982,1,0.88,11,1,0,1
65.17,1,0.45,3728,0,0.79,15,0,0,1
8156.46,2,0.19,4412,1,0.14,3,1,0,1
7071.5,2,0.37,4562,1,0.55,5,0,1,1
7292.78,1,0.41,2217,1,0.11,5,1,0,0
7714.99,1,0.83,4436,0,0.05,9,1,0,0
749.71,1,0.73,4330,1,0.66,15,1,1,1
3591.07,2,0.77,3040,1,0.54,3,0,1,0
1167.53,2,0.01,3585,1,0.08,6,1,1,2
8632.4,0,0.42,3126,0,0.03,17,0,0,0
6236.75,0,0.48,3295,1,0.99,8,1,0,1
3315.67,1,0.02,653,1,0.03,11,1,0,1
644.95,2,0.26,4721,1,0.44,6,1,0,0
3116.71,2,0.76,204,0,0.5,8,1,1,1
3258.58,2,0.14,4006,1,0.12,10,1,0,2
7298.77,1,0.54,498,1,0.17,3,1,0,2
6379.2,0,0.22,2214,1,0.35,14,0,1,1
8873.26,1,0.01,2667,0,0.76,14,0,1,2
4727.43,0,0.24,3286,0,0.51,10,0,1,2
1204.75,0,0.98,1112,1,0.64,12,1,0,0
7135.32,1,0.8,1251,0,0.99,6,0,0,2
7610.24,0,0.96,525,0,0.77,12,1,0,0
5617.16,0,0.49,402,0,0.43,14,0,0,1
7711.96,2,0.11,640,1,0.45,2,0,0,0
4943.02,0,0.55,3726,1,0.62,9,1,1,1
5232.1,1,0.45,1857,0,0.67,10,1,1,1
4281.13,1,0.84,2665,0,0.5,17,0,0,1
263.94,0,0.1,989,0,0.64,17,0,0,1
1087.84,2,0.49,4539,1,0.02,3,0,0,1
323.98,2,0.15,3412,1,0.43,19,0,0,0
6367.74,0,0.32,3881,0,0.28,1,1,0,1
3150.42,0,0.74,287,0,0.13,12,0,1,2
5090.62,1,0.48,242,0,0.1,7,1,1,2
9076.59,0,0.38,1562,0,0.6,4,1,1,1
2500.43,2,0.39,3280,1,0.52,10,0,0,2
4109.73,0,0.46,2419,0,0.25,13,1,0,0
7557.96,1,0.79,3522,1,0.47,2,0,1,0
2295.69,1,0.89,35,0,0.49,10,1,1,1
779.03,1,0.96,470,0,0.2,4,1,0,1
2904.62,1,0.79,3774,0,0.65,18,0,1,1
1620.6,1,0.32,3441,0,0.78,5,1,1,2
9297.68,0,0.69,3493,0,0.79,19,1,0,2
8083.12,0,0.44,2004,1,0.6,2,0,1,0
6337.7,0,0.25,500,0,0.51,12,1,1,2
8715.89,0,0.84,1082,0,0.06,17,1,1,0
8038.68,1,0.04,3183,0,0.29,10,0,0,2
1873.83,2,0.9,225,1,0.09,2,0,1,0
8926.66,0,0.46,1733,1,0.96,6,1,1,1
5398.03,2,0.64,1602,1,0.14,8,1,1,2
8076.33,0,0.66,2616,1,0.15,19,1,0,0
8961.95,0,0.9,168,0,0.89,11,0,0,2
3186.85,2,0.64,4791,0,0.94,12,1,1,1
1109.42,1,0.61,3323,0,0.77,9,1,0,0
2287.07,0,0.07,2851,1,0.01,2,1,1,2
4276.81,0,0.52,1786,0,0.0,8,1,0,2
8181.97,0,0.15,2062,0,0.38,11,1,0,1
8608.7,2,0.74,2305,1,0.14,4,1,1,1
79.45,1,0.51,1706,1,0.02,10,0,1,0
5112.37,2,0.68,3003,1,0.46,16,0,1,2
4179.94,2,0.04,2479,0,0.94,8,1,0,2
2228.86,1,0.08,1956,0,0.32,4,1,1,1
1207.46,2,0.72,3819,1,0.66,10,0,0,1
3382.78,1,0.07,2793,0,0.65,12,0,0,0
9429.67,0,0.07,3654,1,0.25,14,0,1,2
3238.8,1,0.01,2510,1,0.65,16,1,0,2
5192.72,0,0.96,3655,0,0.21,18,1,1,0
7033.16,2,0.74,2655,1,0.12,12,1,0,0
3642.66,2,0.35,2359,1,0.7,18,1,1,1
9718.1,0,0.3,1942,1,0.11,7,0,0,1
9624.85,2,0.35,3304,0,1.0,7,0,0,0
2525.31,1,0.77,1767,1,0.18,9,0,1,0
4977.51,0,0.66,1126,1,0.59,1,0,0,2
3015.77,2,0.19,2577,1,0.41,6,1,1,0
2855.56,0,0.17,3509,1,0.13,6,1,0,0
378.5,1,0.1,502,1,0.03,12,0,0,2
6099.55,1,0.66,3316,1,0.62,12,0,0,0
5031.76,2,0.76,629,1,0.81,10,0,1,1
524.27,1,0.27,3242,0,0.84,6,0,1,1
2793.68,0,0.02,3833,0,0.48,17,0,1,2
9083.58,1,0.08,2390,1,0.78,19,1,1,0
2403.22,0,0.97,1556,0,0.67,18,1,1,1
1457.5,0,0.3,4968,0,0.72,6,0,0,1
4899.63,1,0.77,3573,1,0.49,19,0,0,1
9856.65,2,0.62,1615,0,0.63,10,0,1,1
2428.13,1,0.38,3762,1,0.81,8,1,0,0
6724.63,0,0.21,4685,1,0.4,6,1,0,0
7618.58,0,0.12,1900,1,0.81,7,1,0,0
2384.0,1,0.62,1285,1,0.59,1,0,0,0
7284.88,2,0.77,2753,1,0.17,18,1,1,1
3684.15,2,0.64,2503,0,0.02,12,0,0,2
6326.74,0,0.53,366,1,0.36,16,1,1,2
6338.96,0,0.04,879,0,0.55,10,1,1,1
5362.39,2,0.97,895,1,0.84,10,1,0,1
911.99,1,0.8,2011,1,0.13,14,0,1,2
8354.67,0,0.29,1293,1,0.8,10,0,0,2
3214.59,0,0.98,629,0,0.86,10,1,0,1
1873.32,2,0.6,892,1,0.15,11,0,0,1
417.34,1,0.58,806,1,0.85,2,0,1,0
5913.02,2,0.75,3652,1,0.99,8,0,1,0
6778.87,1,0.81,3435,1,0.73,7,0,1,2
175.71,1,0.66,1306,0,0.78,8,0,0,1
5125.81,1,0.13,4724,1,0.99,1,0,0,2
2272.69,0,0.34,254,0,0.61,2,0,0,0
6455.28,2,0.93,2905,1,0.31,18,1,1,0
1751.92,2,0.22,939,0,0.84,15,0,0,2
6912.47,1,0.37,529,0,0.61,1,0,0,0
3873.49,0,0.43,3222,1,0.58,5,1,1,1
9367.93,0,0.44,2419,1,0.25,2,1,1,2
1383.83,2,0.61,17,0,0.76,3,1,1,1
3417.25,0,0.94,2535,1,0.08,19,1,0,1
1143.6,0,0.24,3433,1,0.92,18,0,0,0
9247.69,1,0.12,2029,1,0.33,18,1,0,1
8774.62,0,0.2,4600,0,0.13,14,1,1,2
2586.84,1,0.89,4292,1,0.44,8,0,1,1
6603.24,2,0.65,3677,1,0.04,12,0,1,1
8174.05,0,0.29,3681,1,0.68,10,0,1,1
5556.46,2,0.82,2811,0,0.9,17,1,0,1
5301.21,2,0.86,95,1,0.84,11,0,0,1
2426.1,0,0.85,3125,0,0.13,2,1,0,0
940.1,0,0.92,4242,1,0.13,4,0,0,2
8973.19,2,0.25,2478,0,0.81,1,0,0,0
9005.18,0,0.76,3629,1,0.92,15,1,0,2
6334.68,1,0.46,1646,1,0.46,13,0,0,2
3396.91,1,0.84,3593,0,0.5,8,0,0,2
3498.6,0,0.73,4019,0,0.32,4,0,1,2
7262.3,2,0.78,3336,0,0.89,10,0,1,2
8972.13,0,0.66,2228,1,0.64,19,0,0,1
8871.99,0,0.18,2227,1,0.29,18,1,1,0
7800.96,2,0.55,4977,1,0.3,5,1,0,0
6423.9,2,0.98,2379,1,0.89,19,0,0,1
850.56,1,0.94,3648,0,0.01,16,1,1,2
1624.67,2,0.04,2513,1,0.32,1,1,0,0
8986.56,1,0.16,953,1,0.55,12,1,0,1
6068.23,2,0.13,2847,1,0.15,2,0,0,1
101.88,0,0.73,2670,1,0.09,8,0,0,0
1023.7,1,0.82,2946,1,0.82,18,0,0,0
6638.38,1,0.21,4454,1,0.89,16,1,0,2
60.57,1,0.51,3957,1,0.82,5,1,0,2
1616.47,0,0.84,1686,0,0.9,13,0,1,0
5491.85,0,0.73,1206,1,0.55,19,0,1,2
6922.03,0,0.54,4115,1,0.81,3,1,0,1
6523.09,0,0.59,2797,1,0.38,8,1,1,2
2250.45,0,0.51,1471,1,0.67,12,0,0,2
7124.67,1,0.3,3328,0,0.99,2,1,0,1
2380.12,0,0.57,676,0,0.23,11,1,0,2
3260.74,1,0.69,2186,0,0.39,12,1,0,1
7467.45,0,0.87,3753,0,0.48,18,1,1,2
6499.83,2,0.64,610,0,0.14,13,1,1,0
8493.74,1,0.76,2662,0,0.08,5,1,1,2
6579.55,2,0.16,4432,1,0.83,12,1,1,0
5687.4,1,0.46,3834,0,0.98,2,0,0,0
945.81,2,0.01,3916,0,0.4,5,0,1,0
3683.48,0,0.25,989,1,0.09,7,1,0,0
2659.37,0,0.73,2461,0,0.07,12,1,0,0
2447.46,0,0.99,638,1,0.89,16,1,1,1
9730.38,1,0.1,1639,1,0.46,8,0,0,1
3937.05,2,0.4,3706,0,0.32,9,0,1,1
8921.55,0,0.8,3440,1,0.48,15,1,1,0
6315.07,2,0.2,3684,0,0.32,5,0,1,2
7950.16,2,0.56,3939,0,0.49,13,1,1,1
5031.34,0,0.73,2775,1,0.86,5,1,1,2
5773.27,0,0.62,4379,1,0.59,11,1,0,2
4930.25,2,0.19,4790,0,0.69,10,1,1,0
1960.48,0,0.36,125,1,0.36,13,1,1,0
7227.3,0,0.78,4966,1,0.74,9,1,0,0
2814.92,0,0.55,2013,0,0.67,14,1,1,1
252.92,1,0.01,702,0,0.12,18,0,1,0
6458.27,2,0.76,3172,1,0.57,15,1,0,1
1779.34,2,0.04,1115,0,0.26,10,0,0,1
9405.18,1,0.75,3018,0,0.8,7,1,1,1
9539.75,2,0.2,2171,0,0.43,8,1,0,1
9149.5,0,0.96,163,0,0.99,3,0,1,0
3707.89,2,0.37,3709,0,0.09,15,0,0,1
164.41,0,0.33,4420,0,0.78,16,1,1,0
9283.9,1,0.15,3796,0,0.67,4,0,1,0
4287.56,0,0.31,1074,1,0.77,6,1,1,1
9666.88,2,0.88,4210,0,0.31,1,1,0,0
9636.56,2,1.0,1923,1,0.49,4,0,1,2
8531.56,2,0.37,1226,1,0.8,11,0,0,0
2951.54,1,0.45,2411,1,0.23,12,0,1,0
3857.13,1,0.72,1782,0,0.23,5,0,1,1
8512.86,2,0.89,1970,0,0.55,16,1,1,1
3176.05,0,0.59,2790,1,0.52,13,0,1,0
1703.23,1,0.39,4814,0,0.28,13,0,1,1
5572.44,2,0.41,4756,1,0.3,17,0,0,2
9362.19,2,0.7,2881,0,0.28,7,0,0,2
6963.34,1,0.0,670,0,0.77,8,0,0,1
5704.91,1,0.62,2645,1,0.65,13,1,1,0
980.79,1,0.36,2339,1,0.83,16,1,1,2
6153.92,0,0.79,3964,1,0.98,4,0,0,2
9900.64,0,0.09,2460,0,0.47,8,0,1,0
1409.44,2,0.59,1142,1,0.07,16,1,1,1
5188.11,1,0.48,709,0,0.05,10,0,1,2
8774.96,0,0.64,2048,0,0.3,12,1,0,0
7410.28,1,0.06,4657,0,0.93,12,1,0,0
6973.19,2,0.58,4510,1,0.52,5,0,0,2
7027.82,0,0.56,4567,1,0.27,16,1,0,1
3601.32,0,0.56,2189,1,0.4,1,0,0,2
2942.98,0,0.6,2848,0,0.6,9,0,1,0
8095.52,2,0.68,883,0,0.65,12,1,1,2
8103.03,1,0.8,93,1,0.15,5,1,1,1
8672.05,0,0.27,1432,0,0.98,3,0,1,0
9133.27,2,0.83,2685,0,0.54,5,1,0,1
5118.31,1,0.5,3190,1,0.14,2,0,0,2
5020.15,2,0.08,4326,1,0.89,14,1,1,2
7984.97,1,0.06,3985,1,0.07,2,1,0,1
6503.14,2,0.33,1401,0,0.91,13,0,1,2
7022.65,1,0.78,3228,0,1.0,7,0,1,1
7959.97,0,0.71,4217,0,0.7,10,0,1,2
8901.15,1,0.79,624,0,0.77,13,1,1,1
3386.57,2,0.52,2981,0,0.34,16,0,0,1
3762.07,2,0.44,3575,1,0.94,14,0,1,0
948.88,1,0.15,3586,0,0.53,11,1,0,0
5787.02,0,0.33,4580,0,0.73,10,1,1,1
369.06,0,0.43,280,0,0.92,6,0,1,2
4661.32,1,0.09,4076,1,0.98,4,0,1,2
5431.02,1,0.22,2478,1,0.83,1,0,1,2
2872.55,2,0.6,1400,1,0.3,7,0,0,1
5912.42,0,0.74,3364,0,0.97,9,1,1,1
314.7,1,1.0,4145,1,0.63,8,1,0,1
383.11,0,0.93,3617,1,0.93,5,0,1,1
8227.78,1,0.64,2593,1,0.68,19,0,1,0
3608.3,1,0.42,4083,0,0.31,10,0,1,1
1279.33,0,0.64,3085,1,0.37,11,1,0,2
5227.21,1,0.79,3916,0,0.55,15,0,1,0
7702.24,1,0.12,299,0,0.79,6,0,1,2
2166.05,2,0.41,2490,1,0.32,15,1,1,1
6232.68,1,0.84,3262,0,0.58,5,1,1,0
862.62,1,0.38,288,1,0.35,19,0,1,1
526.3,1,0.57,2934,0,0.82,19,0,0,0
5318.23,2,0.59,590,1,0.47,10,1,0,2
5410.94,0,0.18,4968,1,0.08,12,0,1,1
6377.92,2,0.36,263,1,0.17,4,0,1,1
7263.65,2,0.33,4286,0,0.06,18,1,0,0
9758.76,0,0.03,4786,1,0.5,16,1,1,0
5167.84,2,0.02,834,0,0.11,8,1,0,1
3236.34,0,0.83,3842,1,0.11,4,0,1,0
7953.91,2,0.27,709,0,0.94,12,1,1,1
2715.61,0,0.52,1390,0,0.87,2,1,0,0
4395.32,1,0.3,3906,1,0.45,4,0,1,2
793.78,2,0.94,1683,1,0.99,5,0,0,0
263.25,2,0.26,2737,1,0.0,3,1,0,2
9626.86,2,0.43,3166,1,0.61,9,1,0,0
8361.44,2,0.87,3398,1,0.62,18,0,1,0
6962.78,1,0.84,4317,0,0.46,11,0,0,1
4095.44,2,0.19,393,1,0.4,3,1,0,0
1741.21,1,0.8,351,1,0.46,2,1,1,0
1572.81,1,0.46,1997,0,0.41,9,0,1,2
2509.93,1,0.48,4069,1,0.73,14,1,1,0
5496.77,1,0.13,4949,1,0.14,4,0,1,1
7148.81,0,0.08,3119,0,0.2,9,1,1,2
6605.37,0,0.73,4092,1,0.18,13,0,1,1
2806.54,2,0.5,4525,1,0.26,18,0,0,1
9549.1,0,0.44,2808,1,0.53,15,1,1,1
7381.59,0,0.73,3250,0,0.11,10,1,0,1
5548.0,2,0.77,1998,1,0.87,16,0,1,2
6121.09,2,0.16,3424,0,0.3,12,1,0,0
4201.8,2,0.61,1859,1,0.16,5,1,0,1
2484.83,0,0.14,315,0,0.68,2,1,1,2
3566.17,0,0.75,3623,1,0.04,10,0,1,1
7580.88,2,0.66,2759,0,0.62,1,1,0,0
153.79,1,0.96,4974,0,0.7,7,1,1,2
1169.57,2,0.07,1145,0,0.21,17,0,1,2
469.57,1,0.06,215,0,0.04,16,1,0,0
416.88,1,0.28,4601,0,0.36,3,1,0,2
8556.05,2,0.26,3460,0,0.1,14,0,0,0
7039.54,2,0.25,3821,1,0.12,10,0,1,2
4747.0,2,0.91,3632,1,0.25,7,1,1,2
987.36,0,0.25,3609,0,0.3,17,1,1,0
4921.24,1,0.27,2561,0,0.53,6,0,1,0
4739.98,0,0.76,4318,0,0.68,4,0,0,2
1740.29,0,0.45,319,0,0.59,17,1,1,2
4344.18,2,0.78,2718,1,0.15,9,1,0,0
3991.06,0,0.07,2001,0,0.17,4,1,1,0
6162.34,2,0.49,281,1,0.88,7,0,1,2
6354.59,1,0.03,3652,1,0.56,2,1,0,2
462.59,2,0.06,4096,0,0.87,17,0,1,2
3752.38,0,0.91,1832,0,0.37,8,0,1,0
6262.34,0,0.14,3283,1,0.61,15,0,0,2
5036.33,2,0.53,4548,1,0.52,15,1,1,1
8566.33,2,0.41,4359,0,0.32,8,1,0,0
6590.35,0,0.35,530,0,0.47,16,1,0,2
1637.71,1,0.9,986,0,0.5,19,0,0,0
714.98,1,0.02,3732,1,0.2,11,1,0,1
6427.77,2,0.66,3561,1,0.32,2,0,1,0
274.85,1,0.96,4115,0,0.79,17,0,1,2
5861.9,0,0.56,2783,1,0.92,16,0,1,1
9402.9,2,0.94,2562,1,0.36,15,0,0,1
5758.99,0,0.05,2842,0,0.31,13,0,1,2
3887.82,0,0.42,3917,0,0.2,15,0,1,2
6436.45,1,0.26,162,1,0.68,4,1,1,2
4587.95,2,0.73,2974,1,0.32,16,0,1,0
5460.71,2,0.98,2926,0,0.99,12,1,0,0
9415.23,1,0.26,2810,0,0.33,4,0,0,0
3867.17,0,0.65,1762,0,0.39,3,1,1,2
9612.29,0,0.2,2620,0,0.6,17,1,0,2
9054.45,0,0.57,3885,0,0.8,18,1,1,0
1965.95,0,0.46,1114,1,0.47,18,1,1,1
702.92,2,0.97,2546,1,0.42,17,0,1,0
1016.77,2,0.61,4209,1,1.0,12,0,0,1
192.04,1,0.35,3864,1,0.01,4,0,1,2
953.49,1,0.11,3504,0,0.9,12,0,0,2
6833.24,2,0.15,1924,0,0.15,15,1,0,0
721.17,2,0.23,3082,0,0.79,16,1,1,0
3196.57,0,0.25,1016,1,0.62,5,1,0,2
8450.3,0,0.85,416,1,0.34,15,0,0,0
242.49,1,0.56,176,1,0.87,17,1,1,2
8146.54,2,0.52,518,0,0.01,18,0,0,2
2825.73,1,0.11,1671,1,0.23,5,1,0,1
1190.47,2,0.86,3674,0,0.57,13,1,1,0
6970.4,0,0.72,3499,0,0.35,19,1,1,2
6293.14,1,0.07,4868,0,0.61,13,1,0,0
8775.95,1,0.71,690,0,0.02,18,1,1,1
7353.36,2,0.54,2534,0,0.12,14,0,1,1
8036.77,0,0.08,2130,0,0.13,4,1,0,0
2827.53,1,0.46,4687,1,0.19,4,0,0,0
1782.62,0,0.48,4367,0,0.46,19,0,1,2
7508.64,1,0.17,1373,0,0.75,13,0,0,1
8070.28,0,0.95,1341,1,0.91,12,0,1,1
9905.15,2,0.85,2302,0,0.84,7,0,1,1
4132.05,1,0.67,1548,1,0.2,12,0,0,0
3726.46,1,0.46,3418,1,0.44,4,0,0,2
7766.37,0,0.41,570,1,0.2,2,0,1,0
3414.63,0,0.65,1109,0,0.26,2,1,1,0
9308.27,1,0.55,1913,0,0.5,5,1,1,0
8585.54,2,0.06,184,1,0.07,10,0,1,2
4295.65,0,0.51,2166,0,0.22,10,0,0,0
7511.2,0,0.81,2240,0,0.94,9,0,1,1
7547.88,0,0.46,4297,1,0.47,13,1,0,1
1040.21,1,0.05,4170,1,0.45,7,1,0,1
9026.5,1,0.79,3930,0,0.01,5,0,1,2
5057.47,1,0.2,1507,1,0.25,10,0,0,0
8266.31,1,0.26,3864,1,0.87,10,1,0,2
3207.3,2,0.16,3181,1,0.16,6,1,1,0
8956.28,2,0.33,1577,0,0.42,19,0,0,1
3898.12,1,0.76,1161,0,0.01,8,0,0,0
118.27,2,0.52,378,0,0.48,1,0,1,0
9054.77,0,0.2,4956,1,0.02,17,0,1,0
921.95,0,0.88,52,0,0.82,7,1,1,2
3199.94,0,0.88,1917,1,0.82,14,1,1,0
9501.12,1,0.87,3500,0,0.79,17,0,1,0
9506.57,0,0.24,2545,0,0.28,9,0,1,0
5738.64,2,0.45,4183,1,0.84,17,0,1,2
6322.05,1,0.98,2883,0,0.54,5,1,0,2
4489.97,2,0.77,1834,1,0.37,8,0,0,2
2939.18,0,0.03,1303,0,0.63,6,0,1,0
3293.36,0,0.07,4779,0,0.01,11,0,0,1
6728.46,0,0.46,4806,1,0.14,19,1,0,1
7526.22,1,0.91,4864,1,0.74,4,0,1,1
7917.87,2,0.54,3396,1,0.24,18,1,0,0
7898.29,1,0.5,2982,0,0.6,1,0,1,1
921.15,1,0.11,3932,0,0.39,13,0,0,1
4949.26,0,0.66,1002,0,0.85,14,0,1,1
585.01,1,0.82,2396,1,0.95,1,1,0,0
5499.79,1,0.38,2250,1,0.88,11,0,0,1
4420.89,0,0.78,1486,1,0.27,17,0,0,1
8878.16,1,0.96,3417,0,0.19,4,1,1,0
3515.64,0,0.2,399,0,0.47,12,1,0,2
1179.5,0,0.52,1009,1,0.01,10,1,0,1
1438.49,0,0.29,4630,0,0.03,6,0,1,2
7617.49,0,0.79,1865,1,0.55,1,1,1,1
6186.0,1,0.58,668,0,0.52,7,0,0,0
1020.22,0,0.63,2773,0,0.99,16,1,0,2
850.23,0,0.8,3673,1,0.2,14,1,0,2
7012.68,1,0.4,4996,0,0.26,6,1,0,2
736.9,1,0.92,1491,0,0.11,5,0,1,2
8220.38,2,0.53,3741,1,0.92,18,0,0,1
7065.36,1,0.16,461,1,0.78,15,0,0,1
822.67,1,0.7,2485,0,0.82,6,0,1,2
857.53,2,0.79,3232,1,0.9,19,0,0,1
9866.53,1,0.32,1547,0,0.52,1,0,0,2
3748.97,1,0.86,3103,1,0.45,1,0,0,2
3712.72,1,0.91,892,0,0.33,13,0,1,0
8129.87,1,0.28,4418,0,0.59,3,0,1,2
9473.01,2,0.98,4078,1,0.45,10,1,0,1
9860.15,1,0.14,4945,0,0.45,3,1,0,2
7536.25,1,0.2,2576,0,0.94,9,0,1,0
3768.83,2,0.18,3287,1,0.98,8,0,0,1
844.17,0,0.89,384,1,0.8,3,0,0,0
7773.7,2,0.65,4556,0,0.76,13,0,1,0
5588.46,0,0.15,3707,1,0.68,6,1,1,2
4247.98,2,0.44,3072,1,0.17,13,1,1,0
9064.48,2,0.62,4700,0,0.06,12,0,0,0
1120.86,1,0.08,3260,0,0.69,13,1,0,1
4931.32,0,0.88,4605,1,0.73,2,1,0,0
123.42,1,0.8,4569,1,0.05,16,0,0,2
4691.92,0,0.51,122,1,0.93,6,0,1,2
572.47,2,0.97,3207,0,0.09,19,0,0,2
1196.99,2,0.42,2388,0,0.29,13,0,0,0
1184.09,0,0.98,1934,0,0.67,17,1,1,1
6495.61,1,0.67,149,0,0.17,9,0,1,2
7462.99,1,0.63,1434,0,0.06,17,1,0,0
5837.85,1,0.17,2959,0,0.33,2,0,1,2
9622.1,1,0.88,3178,0,0.77,19,1,1,2
3754.96,2,0.43,526,1,0.41,19,0,0,1
2864.26,2,0.16,2626,1,0.65,7,0,0,2
8687.31,2,0.01,897,0,0.58,10,1,0,1
2243.72,2,0.56,3114,0,0.02,10,1,0,0
9632.59,2,0.53,59,0,0.99,9,1,1,2
131.42,1,0.72,3961,1,0.04,17,0,1,0
9699.09,1,0.89,3570,0,0.97,15,1,0,0
441.17,1,0.08,28,1,0.55,2,1,0,0
8912.52,1,0.73,4831,1,0.96,4,1,1,2
5281.73,2,0.19,1483,1,0.11,19,1,0,1
9929.72,2,0.86,4071,1,0.49,17,1,0,2
747.23,2,0.82,2616,1,0.17,5,1,0,0
5543.0,0,0.54,461,0,0.05,7,1,0,1
9693.33,1,0.71,3775,0,0.62,18,1,1,0
5235.75,1,0.31,2448,1,0.21,7,1,0,1
6297.69,2,0.47,4320,0,0.59,17,0,1,2
6960.53,1,0.82,1559,1,0.11,7,0,0,1
4550.87,1,0.46,3484,1,0.33,4,1,0,2
6279.31,2,0.36,137,0,0.78,8,0,1,0
5847.3,0,0.49,4865,0,0.44,13,0,0,1
9012.57,0,0.83,2771,0,0.63,4,1,1,0
464.01,0,0.34,4466,0,0.65,6,1,0,1
2816.82,2,0.17,4674,0,0.84,5,1,0,2
9504.61,1,0.71,1425,1,0.32,12,1,0,1
8903.74,2,0.83,211,0,0.69,4,1,0,1
4562.01,2,0.1,2379,0,0.96,9,1,0,2
6205.12,1,0.24,527,0,0.73,4,0,1,2
2781.04,0,0.14,1351,1,0.49,19,1,1,2
1889.33,0,0.35,4786,0,0.63,14,0,0,1
4642.35,2,0.45,1998,1,0.74,5,1,0,0
3539.99,0,0.75,3555,0,0.61,18,1,1,1
5840.72,2,0.65,4530,0,0.02,10,0,1,1
786.57,2,0.62,3812,1,0.19,19,1,0,0
9744.2,1,0.35,3285,0,0.81,12,1,0,2
9862.25,1,0.84,3664,0,0.27,18,0,1,1
6984.64,1,0.47,2444,1,0.73,17,1,0,0
5365.6,2,0.98,4883,0,0.37,11,0,1,2
3102.18,1,0.63,217,1,0.52,3,1,0,2
8139.81,0,0.13,2643,1,0.07,17,1,1,1
6850.46,0,0.68,4127,1,0.18,1,0,1,2
1634.54,2,0.33,163,1,0.96,15,1,0,2
9110.16,2,0.69,3376,1,0.89,9,0,1,0
8227.15,1,0.07,4324,0,0.65,15,0,0,0
9498.5,2,0.17,4774,0,0.46,3,0,0,2
7259.94,2,0.86,1528,0,0.68,19,1,0,0
6138.02,0,0.23,2610,1,0.62,13,1,0,2
4188.25,0,0.84,2205,1,0.57,12,0,1,1
9327.96,1,0.28,4508,1,0.06,1,1,0,0
8661.98,2,0.64,4701,1,0.63,17,1,0,2
461.73,2,0.69,3564,0,0.77,13,1,0,2
273.41,0,0.51,2424,0,0.99,1,0,0,0
3770.87,2,0.31,2859,1,0.01,10,1,1,0
8107.43,0,0.21,1752,1,0.73,15,0,0,1
9872.89,1,0.03,1316,0,0.57,7,1,1,2
1512.66,0,0.3,3859,1,0.43,18,1,1,1
5945.37,2,0.65,4178,1,0.13,16,0,1,1
3815.1,1,0.94,4586,1,0.41,14,1,0,1
9699.44,0,0.87,4665,0,0.35,18,0,0,0
8422.77,0,0.77,4850,0,0.3,7,1,0,1
8384.9,1,0.79,4205,1,0.73,17,0,0,0
4692.24,1,0.66,2565,0,0.7,18,1,1,0
4154.05,0,0.26,2315,1,0.59,12,1,1,1
2741.34,2,0.91,4518,1,0.94,8,1,0,1
573.19,0,0.67,1098,0,0.35,2,0,0,2
8648.58,1,0.56,2652,1,0.24,7,0,0,1
8130.88,0,0.11,1187,1,0.66,4,0,0,2
9997.18,1,0.45,4926,0,0.2,18,1,0,1
9966.4,1,0.46,4767,1,0.32,6,0,0,1
5558.76,2,0.86,3004,1,0.22,9,0,0,1
7692.18,1,0.55,569,1,0.07,9,0,1,1
9448.21,1,0.38,2974,0,0.83,14,0,1,2
8497.98,2,0.98,1281,1,0.25,8,0,1,2
2481.01,1,0.11,1823,0,0.47,19,0,1,1
4510.94,2,0.42,2925,1,0.04,3,0,0,1
1300.3,2,0.04,619,1,0.7,18,0,0,2
9540.97,1,0.74,2471,1,0.33,5,0,0,0
6065.68,1,0.92,4130,1,0.74,14,0,0,0
2294.14,0,0.28,293,0,0.41,4,1,0,0
6720.29,2,0.86,2938,0,0.2,7,1,1,2
6185.1,0,0.29,4406,1,0.51,12,0,0,2
3588.05,1,0.91,1101,1,0.13,2,1,1,0
1144.44,0,0.75,826,1,0.44,11,1,0,0
6719.02,2,0.8,92,1,0.32,14,0,1,1
5207.87,0,0.02,1930,1,0.91,16,0,0,2
7725.46,2,0.96,3501,1,0.06,6,0,1,2
5206.43,1,0.73,3154,1,0.69,4,1,0,0
8523.29,1,0.3,2103,1,0.18,15,0,0,0
5523.55,2,0.83,4723,0,0.32,1,1,0,2
5613.77,1,0.28,185,0,0.42,7,0,0,1
8767.77,1,0.87,2714,0,0.91,12,1,1,0
4040.79,1,0.11,4947,1,0.24,10,1,0,2
1348.81,1,0.7,379,1,0.09,5,0,1,2
297.54,2,0.54,1828,1,0.32,12,0,0,1
7553.82,0,0.1,2111,0,0.1,18,1,1,1
6206.89,0,0.24,4795,1,0.13,10,1,0,0
7043.76,1,0.01,3500,0,0.57,6,0,0,0
2137.51,0,0.47,1789,1,0.06,12,0,1,0
1372.35,0,0.3,1374,0,0.03,7,1,0,2
155.3,1,0.6,4472,0,0.71,18,0,0,0
3512.37,1,0.3,3352,0,0.36,2,1,1,2
5903.28,0,0.3,4749,1,0.13,10,0,0,0
3928.52,2,0.74,3686,0,0.25,15,0,1,1
4380.37,1,0.05,2436,1,0.64,12,0,0,1
9042.55,2,0.9,82,1,0.28,17,1,1,2
3489.07,0,0.85,2972,1,0.49,4,0,1,1
5144.75,1,0.67,869,1,0.12,7,1,1,2
7838.69,2,0.59,3866,1,0.59,9,0,1,2
3971.46,1,0.89,4148,0,0.32,19,1,0,1
6224.65,0,0.19,2434,1,0.63,7,1,0,2
8625.01,2,0.08,1074,1,0.81,2,0,1,1
9495.71,0,0.24,2227,1,0.61,6,1,0,0
1479.26,0,0.79,4027,1,0.3,18,1,0,0
9266.61,1,0.03,2269,1,0.26,6,1,0,1
4926.24,2,0.58,3761,0,0.33,13,1,1,1
2589.86,0,1.0,2096,0,0.16,19,0,0,1
4596.77,0,0.86,378,1,0.18,2,0,0,1
9800.53,2,0.52,2814,0,0.79,12,0,1,0
4931.25,0,0.06,160,0,0.38,15,1,0,2
3294.23,0,0.83,1144,1,0.44,14,1,1,2
6337.67,2,0.6,2794,0,0.59,6,0,1,0
2409.05,2,0.11,4174,1,0.59,18,0,1,2
767.87,2,0.09,2356,0,0.07,5,1,0,0
1297.51,2,0.91,4907,0,0.83,18,0,0,2
1289.18,1,0.67,2260,0,0.18,3,0,1,1
1527.51,2,0.83,70,1,0.72,3,1,1,1
1396.88,1,0.88,3020,0,0.77,10,0,1,1
6412.34,1,0.57,3911,0,0.71,19,1,1,0
1826.98,1,0.52,1347,1,0.58,3,0,1,0
3463.22,0,0.43,1194,1,0.01,12,1,1,2
8968.92,1,0.32,4436,0,0.36,16,1,0,2
4744.88,1,0.43,1561,1,0.6,17,1,1,2
6678.9,0,0.77,4443,0,0.39,7,1,1,0
1731.48,0,0.6,1639,0,0.86,13,1,1,2
1930.97,0,0.89,1337,1,0.31,2,0,0,1
418.28,2,0.44,1536,1,0.29,4,0,0,2
1697.66,0,0.61,1683,1,0.27,10,0,0,1
2793.12,0,0.63,1371,0,0.33,7,1,0,0
1778.33,1,0.59,1583,1,0.56,17,0,1,1
896.14,0,0.7,2696,0,0.71,6,1,0,1
1215.15,2,0.24,4380,1,0.66,19,1,1,1
4613.18,0,0.51,2376,0,0.81,5,0,1,0
2071.27,2,0.1,3767,1,0.89,10,1,1,0
3649.06,0,0.38,2444,0,0.82,9,0,1,0
5039.14,0,0.49,2003,1,0.02,13,1,1,0
6907.04,0,0.65,879,0,0.74,19,1,1,2
402.73,0,0.95,1024,1,0.21,6,0,0,0
7996.11,2,0.6,1921,1,0.13,4,1,0,1
6282.72,2,0.74,612,0,0.64,3,0,0,0
826.77,1,0.51,3831,1,0.32,3,1,0,2
8737.05,2,0.63,700,0,0.06,4,0,0,2
9209.52,0,0.07,503,0,0.14,5,1,1,2
620.17,1,0.25,499,1,0.0,8,0,0,1
2776.01,1,0.36,2566,0,0.9,16,0,0,0
8063.95,1,0.47,4495,1,0.02,3,1,0,0
7485.11,0,0.05,304,1,0.21,12,0,1,0
1853.36,2,0.14,4037,0,0.42,8,1,1,1
2101.4,0,0.28,2853,1,0.36,13,1,1,1
3711.02,1,0.97,2922,0,0.91,4,0,0,2
4850.38,0,0.33,1727,0,0.04,14,0,0,2
6186.37,0,0.48,2606,1,0.51,14,0,0,0
3695.45,2,0.2,4754,1,0.68,13,0,0,1
4630.72,2,0.61,1883,0,0.93,6,0,0,1
7477.23,1,0.28,4673,0,0.62,17,1,1,0
376.47,0,0.21,3268,1,0.8,4,0,0,0
2531.85,0,0.52,2827,1,0.08,8,1,1,2
7136.36,2,0.01,454,1,0.39,17,0,0,2
8953.12,0,0.01,3651,1,0.37,3,0,1,2
5121.66,0,0.22,4468,0,0.89,17,0,1,0
5325.81,0,0.04,751,1,0.15,9,1,1,0
1080.65,2,0.11,2051,0,0.15,2,0,1,2
4479.65,1,0.34,689,0,0.33,13,1,0,2
5330.85,1,0.8,2477,1,0.05,2,1,0,1
2432.28,0,0.57,3707,0,0.18,11,1,0,1
2699.74,1,0.51,1368,1,0.97,15,0,1,2
3779.07,2,0.29,72,0,0.43,11,1,0,2
210.51,2,0.93,2569,1,0.63,3,0,0,1
3227.57,1,0.4,3779,0,0.73,3,1,0,2
2122.37,1,0.09,4361,0,0.37,12,0,0,1
3281.7,0,0.62,144,1,0.15,5,1,1,1
1206.42,1,0.11,3654,1,0.21,7,0,1,1
8906.37,0,0.35,4980,0,0.31,7,0,0,0
5939.99,0,0.51,4927,0,0.64,13,0,0,0
6794.23,2,0.87,2145,1,0.4,9,1,0,2
7893.82,2,0.49,3288,0,0.01,13,1,1,1
4989.44,2,0.7,832,1,0.52,12,0,1,0
878.33,2,0.99,3084,0,0.92,13,1,1,2
5375.69,1,0.13,2991,1,0.81,10,1,0,2
5872.54,2,0.27,130,0,0.83,1,1,1,2
7456.94,1,0.39,1647,1,0.8,8,1,1,2
4322.28,2,0.42,934,1,0.32,16,1,1,2
1284.53,1,0.41,654,0,0.77,13,1,1,1
2844.92,0,0.91,2042,1,0.14,3,1,1,2
3637.19,1,0.71,2771,0,0.66,3,0,0,1
6462.71,1,0.61,2078,1,0.64,5,0,0,0
5712.08,2,0.31,251,1,0.03,11,1,0,2
3567.41,1,0.82,2678,1,0.79,7,0,0,0
9865.29,0,0.96,812,0,0.9,10,0,1,1
6061.69,0,0.82,4174,1,0.27,10,0,0,1
2379.9,2,0.0,205,0,0.81,2,1,0,0
1026.81,0,0.64,2197,1,0.08,3,1,0,2
1537.06,1,0.05,3525,0,0.6,8,1,1,2
2467.12,0,0.26,2340,0,0.49,11,1,0,0
1615.21,2,0.06,2369,0,0.55,13,1,1,0
1873.8,1,0.6,4851,1,0.93,7,0,1,0
2858.1,2,0.69,3616,0,0.87,13,1,1,2
1742.0,1,0.11,286,1,0.79,2,0,0,2
8968.69,0,0.38,70,0,0.27,6,1,1,2
811.54,2,0.46,3400,0,0.91,9,0,0,0
5249.87,2,0.37,1923,0,0.1,2,1,0,2
4109.86,1,0.12,3937,0,0.85,18,1,0,1
9823.96,2,0.42,2601,1,0.33,16,1,1,0
1129.27,1,0.75,576,0,0.05,12,1,1,2
3984.58,1,0.07,3945,0,0.67,7,1,0,0
9695.01,1,0.08,1581,1,0.23,7,1,1,1
8656.42,1,0.35,4727,0,0.24,17,0,1,1
8172.55,0,0.94,1210,0,0.31,13,1,1,0
2586.45,1,0.67,4419,0,0.06,11,0,0,0
1717.17,2,0.68,2864,0,0.18,6,1,1,1
6689.75,0,0.36,2905,1,0.01,14,0,1,0
9294.47,2,0.59,1246,1,0.45,6,0,0,1
5572.06,0,0.01,146,0,0.08,6,0,1,1
5720.41,1,0.64,1039,1,0.68,2,0,0,2
2806.99,0,0.91,2166,1,0.24,15,0,1,0
7697.23,0,0.61,2604,0,0.94,17,0,1,0
1878.57,2,0.87,671,1,0.87,8,1,1,2
3243.56,2,0.72,2482,0,0.29,5,0,1,1
4260.11,1,0.12,2687,1,0.78,17,1,1,0
5081.03,0,0.9,2318,1,0.8,1,1,1,2
2431.67,0,0.07,96,1,0.99,18,0,0,2
1157.22,0,0.53,2522,0,0.6,15,0,1,0
6110.09,1,0.14,2952,1,0.08,5,1,1,2
2893.42,1,0.01,2783,0,0.65,7,0,1,1
5816.57,1,0.42,2514,0,0.62,18,0,0,2
1552.08,1,0.3,3320,1,0.64,6,0,0,1
4816.59,1,0.49,1710,0,0.31,5,0,0,1
5330.57,2,0.58,3680,1,0.86,19,0,1,0
527.72,0,0.04,2710,0,0.96,10,0,1,2
3372.68,0,0.12,3639,0,0.22,15,0,0,1
1352.8,0,0.56,4600,1,0.09,10,1,0,1
643.12,0,0.34,1657,1,0.19,16,0,0,2
9899.7,0,0.73,3328,1,0.82,12,1,1,1
3230.31,0,0.65,3697,1,0.68,18,1,0,2
8100.65,0,0.85,606,0,0.64,1,1,1,0
2553.86,0,0.69,4555,0,0.4,16,1,1,1
6818.21,2,0.43,494,0,0.58,6,0,1,1
7604.68,0,0.67,655,1,0.31,3,1,0,2
5960.43,2,0.28,3099,0,0.48,2,1,1,2
4721.05,1,0.31,4767,1,0.79,2,1,0,2
4124.29,0,0.79,4863,0,0.98,13,1,0,2
3495.19,1,0.45,4394,1,0.93,9,1,0,1
9296.0,1,0.8,730,0,0.93,16,0,0,0
8307.89,1,0.82,4743,0,0.4,5,0,1,0
9650.62,2,0.86,508,1,0.47,7,1,1,0
1251.73,1,0.92,4739,0,0.71,13,0,1,0
7311.37,1,0.43,1683,1,0.92,13,0,1,2
9384.02,1,0.32,3077,0,0.14,7,1,0,1
1820.52,0,0.58,124,0,0.3,10,1,0,1
674.3,0,0.37,2989,1,0.14,15,1,0,1
7413.8,2,0.6,4779,1,0.61,6,0,0,2
5748.99,2,0.71,1746,0,0.31,5,1,1,1
8419.87,0,0.69,3621,0,0.33,2,0,0,2
1406.33,2,0.37,2263,0,0.07,15,0,1,1
7954.72,0,0.17,2304,0,0.35,16,0,0,0
2024.26,1,0.43,3640,0,0.86,19,1,0,2
1644.92,1,0.14,156,0,0.23,9,0,0,1
1651.02,2,0.89,3992,1,0.7,19,1,0,0
8147.6,0,0.35,3463,1,0.63,7,1,1,0
6655.32,0,0.15,4517,1,0.86,4,1,1,0
5235.42,2,0.03,2420,0,0.13,3,1,1,2
3594.72,0,0.65,146,0,0.98,11,1,1,2
8773.23,1,0.64,3370,0,0.58,1,0,0,1
3930.53,2,0.34,3015,1,1.0,6,0,0,0
8167.83,2,0.07,3562,1,0.91,11,0,1,1
4396.96,0,0.41,28,0,0.22,1,0,1,1
3775.67,2,0.31,2252,0,0.06,7,0,0,0
4632.17,0,0.68,458,1,0.26,6,1,0,1
3020.76,0,0.61,1958,1,0.53,14,1,1,2
7478.62,0,0.36,955,1,0.17,2,0,1,1
5032.18,0,0.22,4246,0,0.17,4,0,1,0
2329.8,0,0.99,1930,0,0.46,11,0,0,2
8996.75,2,0.45,2987,0,0.03,15,1,1,2
3845.07,1,0.69,4198,1,0.12,18,1,1,1
5440.09,1,0.14,4025,1,0.42,1,1,1,1
9065.66,2,0.49,248,0,0.06,3,0,1,2
6246.14,2,0.03,214,0,0.4,3,0,1,1
1177.81,1,0.51,2617,1,0.47,7,0,0,0
9398.92,1,0.96,4350,0,0.45,1,0,1,1
6280.8,1,0.38,4937,1,0.87,11,1,0,1
3355.71,1,0.04,3398,1,0.53,6,0,1,2
1401.33,1,0.03,2982,0,0.47,3,0,1,1
7942.31,0,0.39,4400,1,0.41,19,0,1,1
6204.53,2,0.16,2697,0,0.82,2,1,0,1
5339.28,0,0.02,4961,1,0.9,18,1,0,0
8939.99,1,0.76,4176,1,0.85,12,0,0,1
7888.09,1,0.46,1358,0,0.67,10,1,1,0
1525.23,1,0.29,4410,1,0.14,5,1,1,0
3124.1,0,0.9,826,0,0.28,9,1,0,0
2492.41,0,0.12,830,0,0.05,2,1,0,0
7442.02,1,0.96,202,1,0.93,2,1,1,2
344.99,0,0.31,1786,0,0.66,6,0,0,0
5703.2,0,0.89,3655,0,0.75,10,0,1,1
7626.96,1,0.6,4634,0,0.31,18,0,0,0
8768.89,0,0.83,260,0,0.85,12,1,0,1
3427.4,2,0.98,1798,0,0.26,4,1,0,0
8214.36,2,0.29,3710,0,0.0,17,1,1,2
1115.21,2,0.96,2473,1,0.38,15,1,1,0
8466.06,2,0.39,1177,0,0.57,6,0,0,0
1283.61,1,0.39,3903,1,0.48,16,0,1,2
3978.9,1,0.34,1106,1,0.86,17,0,1,0
7974.98,1,0.54,2689,0,0.11,3,0,1,1
1507.68,2,0.15,1857,1,0.55,10,0,1,0
2300.22,2,0.55,3914,1,0.51,5,0,0,0
7225.3,0,0.54,514,0,0.28,14,1,1,0
7203.17,0,0.76,1631,0,0.82,13,1,1,2
6415.06,2,0.83,2482,0,0.75,6,0,0,0
6942.54,2,0.44,2556,1,0.73,12,1,1,0
5431.82,2,0.3,1397,1,0.88,8,0,1,1
2525.47,2,0.26,3004,0,0.72,5,0,1,0
3463.5,0,0.19,3826,0,0.23,15,1,0,0
1824.16,2,0.06,727,1,0.71,16,0,0,0
9085.42,0,0.34,3494,1,0.31,1,0,1,0
5838.08,2,0.27,4444,1,0.24,16,0,1,1
4014.51,2,0.97,668,1,0.07,5,1,0,1
4625.44,2,0.56,4018,0,0.74,3,1,0,2
9473.36,0,0.35,4534,1,0.71,15,1,0,0
1541.98,0,0.58,4244,1,0.23,13,1,1,2
5866.44,1,0.14,3774,1,0.75,16,0,1,2
5063.83,2,0.44,2999,1,0.92,11,1,0,0
6118.43,1,0.63,4647,0,0.11,2,1,1,1
190.92,1,0.49,2114,0,0.23,6,1,1,1
8722.52,0,0.4,1265,1,0.75,6,0,1,0
9321.86,0,0.99,2492,1,0.27,14,1,1,0
5655.68,1,0.88,393,0,0.62,11,1,1,1
6969.54,2,0.62,2617,0,0.08,8,0,1,0
9225.77,0,0.57,203,1,0.45,8,0,1,0
7075.31,2,0.62,3817,1,0.74,1,0,0,0
1533.87,2,0.2,3729,0,0.69,7,0,0,1
5767.12,1,0.4,2591,0,0.82,6,1,0,2
6071.08,1,0.04,2575,0,0.88,8,0,0,2
4247.07,1,0.48,2773,0,0.77,19,1,0,0
7367.08,1,0.54,2808,0,0.67,8,1,0,1
9344.33,0,0.23,2349,0,0.03,14,1,0,0
9256.43,0,0.96,3416,1,0.53,18,1,0,1
4513.89,1,0.91,741,0,0.04,16,1,0,0
1141.25,0,0.72,2882,0,0.81,9,0,1,1
9848.56,1,0.53,3130,0,0.32,15,1,1,1
8390.59,2,0.87,4790,0,0.56,10,1,0,2
1255.38,2,0.13,4187,1,0.28,16,1,1,0
9209.21,2,0.79,2614,1,0.78,4,0,1,2
8700.26,1,0.12,2392,0,0.89,13,1,0,2
5193.19,2,0.79,541,1,0.4,5,1,0,1
5916.84,0,0.28,4326,1,0.86,7,0,0,0
3996.04,2,0.88,644,1,0.27,9,1,1,1
557.07,2,0.94,1779,1,0.53,8,1,1,1
3358.62,2,0.15,3814,1,0.86,16,0,0,1
8030.51,0,0.46,2380,1,0.33,6,1,1,0
56.27,1,0.98,12,0,0.95,16,1,1,0
3341.66,0,0.48,215,0,0.12,6,1,1,1
3987.71,1,0.86,4145,0,0.02,14,1,0,0
5378.58,1,0.59,2631,0,0.9,1,1,1,1
9199.36,2,0.38,4749,0,0.07,9,0,1,0
3470.0,1,0.29,2900,1,0.99,13,0,1,0
3476.06,0,0.2,3203,0,0.95,19,0,1,2
7377.64,0,0.76,2676,0,0.14,17,1,1,1
4527.66,1,0.39,3316,1,0.54,11,1,1,2
2253.8,2,0.51,907,1,0.18,8,1,1,2
4529.87,2,0.49,1095,0,0.43,5,0,0,1
1417.16,0,0.58,1289,1,0.06,10,1,0,1
1772.11,2,0.87,680,1,0.22,7,1,1,0
4988.69,1,0.98,1515,1,0.36,10,1,0,1
4195.07,1,0.41,3585,1,0.44,4,0,1,2
9149.31,0,0.83,4824,0,0.98,9,0,1,2
3630.32,1,0.76,1965,1,0.81,14,1,1,1
5810.08,0,0.57,259,0,0.74,2,1,0,2
6326.32,1,0.96,1902,0,0.54,9,1,1,0
140.81,0,0.2,3449,1,0.84,1,0,1,2
6638.74,2,0.11,1863,1,0.34,10,0,0,0
1788.58,1,0.85,2864,1,0.71,10,0,0,2
9611.09,1,0.44,1513,0,0.99,3,1,1,0
1495.14,0,0.85,3395,1,0.31,6,0,0,0
4152.09,0,0.89,3581,1,0.67,6,1,0,1
862.64,1,0.06,3802,1,0.84,2,1,1,0
9968.77,0,0.88,3436,1,0.92,18,0,1,1
5026.93,1,0.45,53,1,0.72,2,1,1,2
5957.9,2,0.51,3622,0,0.28,12,0,0,2
680.09,0,0.63,2628,1,0.33,5,1,0,2
7502.11,1,0.93,4688,1,0.02,7,1,0,0
2106.96,2,0.02,3173,1,0.76,16,0,1,2
8981.56,2,0.48,1298,0,0.04,1,1,0,2
2059.35,1,0.69,2952,1,0.86,1,1,0,1
1914.97,0,0.72,229,0,0.12,17,1,1,1
375.13,1,0.69,1935,0,0.17,1,1,1,2
4725.95,2,0.13,2982,1,0.48,13,1,1,2
5652.76,1,0.3,3523,1,0.74,9,1,0,0
666.43,0,0.36,2458,1,0.14,15,1,1,0
7757.52,2,0.8,3481,0,0.44,3,1,0,2
4538.36,1,0.28,2784,0,0.48,14,0,0,1
5248.66,0,0.21,1000,0,0.21,11,0,1,2
4413.22,2,0.96,2956,0,0.12,12,1,1,0
4013.62,0,0.01,1822,0,0.84,13,1,1,1
5600.81,2,1.0,4963,0,0.5,13,0,1,1
1560.85,1,0.68,813,1,0.01,1,1,1,0
1827.46,0,0.83,499,1,0.8,10,0,0,2
8619.24,2,0.29,3566,0,0.98,3,0,0,2
9461.69,0,0.01,1503,1,0.61,4,0,0,2
3739.36,0,0.74,3655,1,0.5,16,1,1,0
2714.74,1,0.83,2901,0,0.88,8,1,0,1
6443.56,0,0.74,1715,0,0.95,16,1,1,0
4093.25,2,0.14,3526,1,0.75,17,0,1,2
263.61,2,0.75,3350,0,0.45,19,0,0,0
1569.96,2,0.77,63,0,0.59,15,0,0,1
7162.56,2,0.66,2585,1,0.7,16,1,1,0
6592.65,1,0.77,3601,0,0.19,15,0,0,2
280.69,0,0.85,625,1,0.45,2,0,1,1
2227.5,1,0.61,964,1,0.83,11,1,0,0
2318.44,0,0.09,2443,1,0.65,1,0,0,0
6722.21,0,0.49,1639,1,0.41,15,0,0,1
206.91,0,0.08,2791,1,0.66,19,1,0,1
1050.04,1,0.41,659,0,0.12,4,1,0,2
8001.16,0,0.41,2357,0,0.4,11,0,1,1
1793.66,1,0.07,4500,0,0.79,5,1,0,2
6530.93,2,0.35,3288,0,0.22,3,0,0,0
2389.45,2,0.11,2650,1,0.19,13,1,0,2
1003.42,0,0.81,3811,1,0.95,10,0,1,0
2439.29,1,0.95,2571,0,0.21,11,1,1,1
7225.45,2,0.07,3259,1,0.26,18,0,1,0
8558.41,1,0.96,380,0,0.97,2,1,1,1
8303.9,1,0.52,867,0,0.73,7,1,1,0
3977.86,0,0.3,4896,0,0.7,9,1,0,0
6684.17,2,0.08,4763,1,0.85,10,1,0,0
2057.79,0,0.5,393,1,0.12,18,1,0,0
2938.55,0,0.79,3887,1,0.71,7,1,1,2
8964.39,2,0.71,2562,1,0.5,7,1,1,0
139.89,2,0.05,4344,0,0.83,3,0,0,2
864.23,1,0.07,4300,1,0.51,12,0,1,1
2086.78,2,0.4,2735,1,0.62,7,1,1,1
275.06,1,0.3,4044,1,0.48,17,1,1,2
1822.54,1,0.23,3303,0,0.48,1,0,0,1
5834.59,1,0.28,4261,0,0.77,5,0,0,1
4220.03,2,0.8,3998,1,0.63,16,1,1,0
8927.79,0,0.93,932,1,0.63,15,0,1,0
8176.26,1,0.41,2925,1,0.45,2,0,1,0
3424.76,0,0.91,2960,1,0.53,9,1,1,2
2601.64,0,0.32,3056,0,0.75,7,1,0,2
3803.13,2,0.48,984,1,0.83,4,1,1,1
5907.05,0,0.23,1240,1,0.7,18,0,0,0
2687.96,0,0.64,2445,1,0.92,4,1,0,2
6245.25,2,0.98,1824,0,0.82,13,1,0,2
4100.02,1,0.6,2944,0,0.56,1,0,1,0
5524.95,0,0.36,4943,1,0.67,3,1,0,2
4366.9,2,0.65,1373,1,0.93,16,0,0,0
2951.71,0,0.12,3950,1,0.62,4,0,1,1
9485.05,0,0.89,213,1,0.82,16,0,1,1
7638.42,1,0.5,170,1,0.69,19,0,1,1
1409.73,0,0.45,4497,0,0.55,1,0,0,0
8686.0,2,0.59,778,0,0.24,5,0,1,2
4879.44,0,0.62,3758,0,0.43,19,1,0,1
8946.58,1,0.07,2591,1,0.97,11,1,0,1
8000.55,1,0.68,1103,0,0.66,13,1,1,1
4257.88,2,0.24,4510,0,0.56,5,0,0,2
234.47,1,0.71,617,0,0.93,4,1,0,2
2694.09,0,0.82,1550,1,0.59,4,0,0,0
5420.93,1,0.8,2885,1,0.53,4,1,0,1
6338.45,2,0.55,3201,0,0.76,4,0,1,2
2586.3,1,0.52,1847,1,0.71,18,1,0,0
1402.17,1,0.14,699,0,0.19,18,0,1,1
8350.95,1,0.78,3769,0,0.47,16,1,0,2
9844.18,2,0.27,2959,0,0.47,9,0,0,2
5261.64,1,0.5,2113,0,0.38,18,1,1,0
1725.08,1,0.28,375,1,0.52,2,0,0,1
2730.35,0,0.13,3585,1,0.41,4,1,0,1
193.72,2,0.63,4560,1,0.2,12,1,0,2
9143.85,1,0.05,4209,1,0.41,7,1,0,1
1186.33,2,0.75,4182,0,0.07,15,0,0,0
5769.4,1,0.32,4335,1,0.58,7,0,0,2
2747.81,1,0.0,2388,0,0.85,17,0,1,2
5546.24,1,0.51,1215,1,0.73,16,0,1,0
6517.69,0,0.05,4998,1,0.36,19,0,1,2
8299.12,0,0.28,3849,1,0.09,9,1,0,1
2072.15,0,0.71,2745,0,0.2,14,0,0,1
119.85,2,0.06,3357,0,0.55,17,1,0,2
1377.49,2,0.84,1685,0,0.21,5,1,1,0
9001.19,0,0.0,308,0,0.54,2,0,0,0
8740.16,2,0.25,966,1,0.23,16,1,1,1
5978.16,1,0.74,1124,0,0.85,14,0,0,0
6009.16,1,0.32,2515,0,0.4,14,0,0,2
6653.72,1,0.1,1484,1,0.25,1,0,0,2
1761.96,0,0.36,4470,1,0.81,3,1,1,1
9144.98,2,0.27,4456,0,0.34,7,0,0,1
4193.52,0,0.84,3736,1,0.11,15,0,1,1
3837.55,2,0.31,3481,0,0.57,19,0,0,0
5193.99,1,0.79,2838,1,0.58,2,1,0,2
479.19,0,0.89,2860,0,0.71,19,0,1,2
1671.17,2,0.43,2516,0,0.24,9,1,0,2
7382.96,2,0.91,3780,0,0.44,19,1,0,1
837.16,1,0.38,2974,0,0.28,5,0,0,2
6035.49,0,0.96,4604,0,0.08,18,1,0,0
2461.04,0,0.09,959,1,0.88,16,1,1,0
3899.06,0,0.69,4613,0,0.73,4,0,1,2
2894.05,1,0.49,2860,0,0.3,12,0,0,1
3563.17,0,0.39,175,0,0.6,7,0,0,2
7193.27,1,0.63,3496,0,0.2,14,1,1,0
2978.25,1,0.7,2519,0,0.89,12,0,0,0
5668.38,1,0.0,929,1,0.11,3,1,1,0
4765.74,2,0.17,123,1,0.0,5,1,0,2
6640.07,0,0.71,3514,0,0.5,17,1,1,0
9368.93,0,0.67,1001,1,0.58,10,1,1,1
7328.4,1,0.97,3849,0,0.58,10,1,1,2
2157.25,1,0.76,1268,1,0.05,11,0,1,2
321.52,0,0.95,3436,1,0.31,17,0,0,0
2630.02,1,0.7,524,0,0.5,5,1,0,0
5954.83,0,0.3,4814,1,0.22,13,1,1,1
523.74,2,0.11,3206,1,0.87,10,0,1,2
4968.7,1,0.78,4444,0,0.09,9,0,1,0
5972.46,0,0.64,2594,0,0.49,17,1,1,1
3349.1,1,0.05,77,1,0.69,1,1,0,0
7711.41,0,0.36,1606,1,0.26,4,0,1,2
1074.92,0,0.96,4488,1,0.62,4,0,1,0
760.63,1,0.5,28,0,0.83,18,1,1,2
7284.61,2,0.43,2740,1,0.19,9,0,1,0
4959.96,0,0.46,3531,1,0.92,18,0,1,2
6887.14,0,0.21,582,1,0.55,14,1,1,1
4353.93,0,0.37,2268,0,0.3,15,1,1,2
2471.56,2,0.37,2912,0,0.43,6,1,0,1
8192.83,2,0.05,660,0,0.31,10,0,1,2
7996.16,1,0.77,2597,0,0.73,15,1,1,1
6950.02,2,0.42,3272,1,0.8,4,0,1,0
2728.73,1,0.82,1348,0,0.83,18,1,0,2
5906.4,1,0.85,3644,1,0.99,18,1,0,0
3616.13,2,0.21,2837,1,0.79,17,0,0,1
924.9,1,0.66,2227,1,0.6,12,0,1,2
9173.96,2,0.47,3549,1,0.34,7,1,1,2
1376.82,1,0.88,1047,0,0.54,16,1,1,0
9502.87,2,0.22,4393,0,0.04,11,0,0,2
4465.6,2,0.68,3988,0,0.74,14,1,1,2
